Date,Open,High,Low,Close,Adj Close,Volume
2021-05-03,3.0899999141693115,3.2899999618530273,3.0,3.0299999713897705,3.0299999713897705,119000
2021-05-04,3.0299999713897705,3.119999885559082,2.859999895095825,2.9000000953674316,2.9000000953674316,47500
2021-05-05,2.8299999237060547,3.069999933242798,2.8299999237060547,3.0299999713897705,3.0299999713897705,72900
2021-05-06,3.0,3.0199999809265137,2.819999933242798,2.859999895095825,2.859999895095825,61400
2021-05-07,2.8499999046325684,3.0,2.8499999046325684,2.9100000858306885,2.9100000858306885,29500
2021-05-10,2.859999895095825,2.930000066757202,2.809999942779541,2.880000114440918,2.880000114440918,34000
2021-05-11,2.819999933242798,2.930000066757202,2.7699999809265137,2.880000114440918,2.880000114440918,84000
2021-05-12,2.799999952316284,2.880000114440918,2.700000047683716,2.740000009536743,2.740000009536743,46000
2021-05-13,2.7200000286102295,2.75,2.559999942779541,2.609999895095825,2.609999895095825,41600
2021-05-14,2.630000114440918,2.759999990463257,2.609999895095825,2.75,2.75,59500
2021-05-17,2.7699999809265137,2.9600000381469727,2.7200000286102295,2.9600000381469727,2.9600000381469727,52700
2021-05-18,2.9000000953674316,3.0,2.859999895095825,2.950000047683716,2.950000047683716,79400
2021-05-19,2.8399999141693115,2.9000000953674316,2.7100000381469727,2.859999895095825,2.859999895095825,38000
2021-05-20,2.8299999237060547,2.990000009536743,2.799999952316284,2.890000104904175,2.890000104904175,38800
2021-05-21,2.890000104904175,3.059999942779541,2.880000114440918,2.930000066757202,2.930000066757202,314700
2021-05-24,2.9200000762939453,3.049999952316284,2.7699999809265137,2.7699999809265137,2.7699999809265137,57800
2021-05-25,2.8399999141693115,2.9000000953674316,2.7100000381469727,2.7699999809265137,2.7699999809265137,48600
2021-05-26,2.8399999141693115,2.950000047683716,2.7300000190734863,2.9100000858306885,2.9100000858306885,52300
2021-05-27,2.819999933242798,3.0,2.819999933242798,2.950000047683716,2.950000047683716,58000
2021-05-28,2.9200000762939453,3.049999952316284,2.9000000953674316,2.9800000190734863,2.9800000190734863,55000
2021-06-01,3.0,3.059999942779541,2.950000047683716,3.0,3.0,55300
2021-06-02,3.140000104904175,3.1700000762939453,2.9600000381469727,3.119999885559082,3.119999885559082,157100
2021-06-03,3.190000057220459,3.2899999618530273,3.009999990463257,3.240000009536743,3.240000009536743,130500
2021-06-04,3.240000009536743,3.509999990463257,3.200000047683716,3.240000009536743,3.240000009536743,238200
2021-06-07,3.240000009536743,3.3499999046325684,3.190000057220459,3.3499999046325684,3.3499999046325684,34400
2021-06-08,3.369999885559082,3.450000047683716,3.319999933242798,3.3299999237060547,3.3299999237060547,65900
2021-06-09,3.4100000858306885,3.4800000190734863,3.309999942779541,3.309999942779541,3.309999942779541,39000
2021-06-10,3.369999885559082,3.4000000953674316,3.109999895095825,3.2200000286102295,3.2200000286102295,40000
2021-06-11,3.240000009536743,3.2799999713897705,3.140000104904175,3.190000057220459,3.190000057220459,29400
2021-06-14,3.180000066757202,3.440000057220459,3.1700000762939453,3.240000009536743,3.240000009536743,641400
2021-06-15,3.2300000190734863,3.2899999618530273,3.0999999046325684,3.119999885559082,3.119999885559082,48600
2021-06-16,3.119999885559082,3.130000114440918,3.009999990463257,3.009999990463257,3.009999990463257,39100
2021-06-17,3.0299999713897705,3.0399999618530273,2.9000000953674316,2.950000047683716,2.950000047683716,42100
2021-06-18,2.9700000286102295,3.140000104904175,2.930000066757202,2.990000009536743,2.990000009536743,102900
2021-06-21,3.069999933242798,3.0899999141693115,2.9100000858306885,3.0199999809265137,3.0199999809265137,69700
2021-06-22,2.9200000762939453,3.009999990463257,2.799999952316284,2.8299999237060547,2.8299999237060547,70800
2021-06-23,2.869999885559082,3.0399999618530273,2.8299999237060547,2.9700000286102295,2.9700000286102295,94600
2021-06-24,2.9700000286102295,3.119999885559082,2.940000057220459,3.0199999809265137,3.0199999809265137,55600
2021-06-25,3.069999933242798,3.0999999046325684,2.9800000190734863,3.049999952316284,3.049999952316284,63400
2021-06-28,3.049999952316284,3.0899999141693115,2.9100000858306885,2.950000047683716,2.950000047683716,27900
2021-06-29,2.930000066757202,3.1500000953674316,2.930000066757202,3.0799999237060547,3.0799999237060547,111500
2021-06-30,3.1500000953674316,3.180000066757202,3.009999990463257,3.0799999237060547,3.0799999237060547,72300
2021-07-01,3.0899999141693115,3.180000066757202,2.950000047683716,2.9600000381469727,2.9600000381469727,39200
2021-07-02,2.990000009536743,2.990000009536743,2.8399999141693115,2.880000114440918,2.880000114440918,44500
2021-07-06,2.880000114440918,2.9100000858306885,2.809999942779541,2.869999885559082,2.869999885559082,39100
2021-07-07,2.8299999237060547,2.869999885559082,2.700000047683716,2.75,2.75,47700
2021-07-08,2.6600000858306885,2.799999952316284,2.5799999237060547,2.6600000858306885,2.6600000858306885,50700
2021-07-09,2.680000066757202,2.7799999713897705,2.6700000762939453,2.7300000190734863,2.7300000190734863,73900
2021-07-12,2.759999990463257,2.950000047683716,2.700000047683716,2.869999885559082,2.869999885559082,113300
2021-07-13,2.7799999713897705,2.9200000762939453,2.75,2.799999952316284,2.799999952316284,40500
2021-07-14,2.8399999141693115,3.25,2.799999952316284,2.9800000190734863,2.9800000190734863,438700
2021-07-15,2.9800000190734863,4.75,2.940000057220459,3.8299999237060547,3.8299999237060547,43796200
2021-07-16,3.1600000858306885,3.3499999046325684,2.490000009536743,3.0999999046325684,3.0999999046325684,4465500
2021-07-19,2.9100000858306885,2.990000009536743,2.6500000953674316,2.9800000190734863,2.9800000190734863,650200
2021-07-20,3.0199999809265137,3.299999952316284,2.9000000953674316,3.2799999713897705,3.2799999713897705,377300
2021-07-21,3.25,3.4100000858306885,3.140000104904175,3.190000057220459,3.190000057220459,278800
2021-07-22,3.140000104904175,3.4700000286102295,3.0999999046325684,3.3299999237060547,3.3299999237060547,307700
2021-07-23,3.259999990463257,4.269999980926514,3.1600000858306885,4.130000114440918,4.130000114440918,2327700
2021-07-26,4.03000020980835,4.03000020980835,3.2200000286102295,3.2200000286102295,3.2200000286102295,741300
2021-07-27,3.25,3.3499999046325684,2.9800000190734863,3.0799999237060547,3.0799999237060547,209500
2021-07-28,3.259999990463257,3.299999952316284,3.0799999237060547,3.299999952316284,3.299999952316284,104500
2021-07-29,3.3399999141693115,3.390000104904175,3.109999895095825,3.1600000858306885,3.1600000858306885,151600
2021-07-30,3.190000057220459,3.2100000381469727,3.069999933242798,3.109999895095825,3.109999895095825,74800
2021-08-02,3.119999885559082,3.2200000286102295,3.009999990463257,3.069999933242798,3.069999933242798,227200
2021-08-03,3.0799999237060547,3.109999895095825,2.8299999237060547,2.880000114440918,2.880000114440918,123900
2021-08-04,2.9200000762939453,3.0,2.890000104904175,2.9000000953674316,2.9000000953674316,25900
2021-08-05,2.859999895095825,2.9200000762939453,2.8499999046325684,2.869999885559082,2.869999885559082,44100
2021-08-06,2.890000104904175,2.9000000953674316,2.8299999237060547,2.859999895095825,2.859999895095825,31300
2021-08-09,2.890000104904175,2.9100000858306885,2.859999895095825,2.859999895095825,2.859999895095825,47700
2021-08-10,2.859999895095825,2.940000057220459,2.859999895095825,2.880000114440918,2.880000114440918,41200
2021-08-11,2.9700000286102295,2.990000009536743,2.9000000953674316,2.940000057220459,2.940000057220459,38400
2021-08-12,2.9000000953674316,2.9700000286102295,2.759999990463257,2.799999952316284,2.799999952316284,122900
2021-08-13,2.759999990463257,2.9800000190734863,2.509999990463257,2.7100000381469727,2.7100000381469727,254800
2021-08-16,2.6500000953674316,2.740000009536743,2.5899999141693115,2.630000114440918,2.630000114440918,54700
2021-08-17,2.5999999046325684,2.640000104904175,2.5,2.5899999141693115,2.5899999141693115,84800
2021-08-18,2.5999999046325684,2.690000057220459,2.509999990463257,2.5199999809265137,2.5199999809265137,57400
2021-08-19,2.509999990463257,2.569999933242798,2.5,2.5199999809265137,2.5199999809265137,29800
2021-08-20,2.5199999809265137,2.6700000762939453,2.5199999809265137,2.5799999237060547,2.5799999237060547,31700
2021-08-23,2.5799999237060547,2.640000104904175,2.5,2.5299999713897705,2.5299999713897705,57200
2021-08-24,2.5399999618530273,2.940000057220459,2.5399999618530273,2.630000114440918,2.630000114440918,230100
2021-08-25,2.609999895095825,2.700000047683716,2.559999942779541,2.630000114440918,2.630000114440918,98200
2021-08-26,2.6700000762939453,2.6700000762939453,2.559999942779541,2.630000114440918,2.630000114440918,25400
2021-08-27,2.619999885559082,2.690000057220459,2.609999895095825,2.6600000858306885,2.6600000858306885,35300
2021-08-30,2.680000066757202,2.740000009536743,2.640000104904175,2.700000047683716,2.700000047683716,45900
2021-08-31,2.75,2.7899999618530273,2.6600000858306885,2.7799999713897705,2.7799999713897705,31700
2021-09-01,2.869999885559082,2.869999885559082,2.7100000381469727,2.799999952316284,2.799999952316284,33200
2021-09-02,2.819999933242798,2.8499999046325684,2.759999990463257,2.7699999809265137,2.7699999809265137,40500
2021-09-03,2.759999990463257,2.7899999618530273,2.759999990463257,2.7699999809265137,2.7699999809265137,10400
2021-09-07,2.7699999809265137,2.8499999046325684,2.7699999809265137,2.819999933242798,2.819999933242798,19700
2021-09-08,2.799999952316284,2.990000009536743,2.6700000762939453,2.7100000381469727,2.7100000381469727,68800
2021-09-09,2.7300000190734863,2.880000114440918,2.7200000286102295,2.7799999713897705,2.7799999713897705,120600
2021-09-10,2.7799999713897705,2.9100000858306885,2.7100000381469727,2.8499999046325684,2.8499999046325684,138000
2021-09-13,2.8499999046325684,2.890000104904175,2.799999952316284,2.869999885559082,2.869999885559082,33900
2021-09-14,2.869999885559082,2.869999885559082,2.7699999809265137,2.8299999237060547,2.8299999237060547,24200
2021-09-15,2.8299999237060547,2.8299999237060547,2.7300000190734863,2.809999942779541,2.809999942779541,14800
2021-09-16,2.75,2.809999942779541,2.7200000286102295,2.759999990463257,2.759999990463257,22800
2021-09-17,2.759999990463257,2.7899999618530273,2.619999885559082,2.680000066757202,2.680000066757202,17600
2021-09-20,2.569999933242798,2.6700000762939453,2.299999952316284,2.3299999237060547,2.3299999237060547,104000
2021-09-21,2.369999885559082,2.430000066757202,2.3499999046325684,2.4100000858306885,2.4100000858306885,20500
2021-09-22,2.430000066757202,2.490000009536743,2.4100000858306885,2.440000057220459,2.440000057220459,32400
2021-09-23,2.440000057220459,2.4700000286102295,2.359999895095825,2.359999895095825,2.359999895095825,34500
2021-09-24,2.3399999141693115,2.430000066757202,2.3399999141693115,2.4000000953674316,2.4000000953674316,16700
2021-09-27,2.4000000953674316,2.4000000953674316,2.3499999046325684,2.369999885559082,2.369999885559082,20300
2021-09-28,2.4000000953674316,2.490000009536743,2.369999885559082,2.4700000286102295,2.4700000286102295,40800
2021-09-29,2.4800000190734863,2.4800000190734863,2.309999942779541,2.3499999046325684,2.3499999046325684,18500
2021-09-30,2.3499999046325684,2.4200000762939453,2.309999942779541,2.3399999141693115,2.3399999141693115,33900
2021-10-01,2.3299999237060547,2.4000000953674316,2.3299999237060547,2.4000000953674316,2.4000000953674316,13200
2021-10-04,2.390000104904175,2.4000000953674316,2.309999942779541,2.369999885559082,2.369999885559082,11000
2021-10-05,2.3399999141693115,2.359999895095825,2.259999990463257,2.259999990463257,2.259999990463257,20100
2021-10-06,2.259999990463257,2.259999990463257,2.200000047683716,2.2200000286102295,2.2200000286102295,17000
2021-10-07,2.2899999618530273,2.3499999046325684,2.240000009536743,2.2699999809265137,2.2699999809265137,14600
2021-10-08,2.2799999713897705,2.3299999237060547,2.2799999713897705,2.299999952316284,2.299999952316284,6500
2021-10-11,2.309999942779541,2.3499999046325684,2.2200000286102295,2.3399999141693115,2.3399999141693115,17700
2021-10-12,2.2899999618530273,2.7300000190734863,2.259999990463257,2.390000104904175,2.390000104904175,332500
2021-10-13,2.390000104904175,2.4100000858306885,2.25,2.2799999713897705,2.2799999713897705,29700
2021-10-14,2.3399999141693115,2.3399999141693115,2.259999990463257,2.2799999713897705,2.2799999713897705,18000
2021-10-15,2.2699999809265137,2.5799999237060547,2.259999990463257,2.4600000381469727,2.4600000381469727,214500
2021-10-18,2.450000047683716,2.5,2.3399999141693115,2.390000104904175,2.390000104904175,22800
2021-10-19,2.490000009536743,2.6700000762939453,2.309999942779541,2.559999942779541,2.559999942779541,223700
2021-10-20,2.569999933242798,2.9000000953674316,2.359999895095825,2.440000057220459,2.440000057220459,378800
2021-10-21,2.450000047683716,2.5999999046325684,2.2699999809265137,2.4200000762939453,2.4200000762939453,133500
2021-10-22,2.380000114440918,2.4100000858306885,2.3399999141693115,2.3399999141693115,2.3399999141693115,36300
2021-10-25,2.319999933242798,2.4200000762939453,2.240000009536743,2.390000104904175,2.390000104904175,56200
2021-10-26,2.4600000381469727,2.4600000381469727,2.3399999141693115,2.3399999141693115,2.3399999141693115,41800
2021-10-27,2.3399999141693115,2.4700000286102295,2.2699999809265137,2.2799999713897705,2.2799999713897705,75900
2021-10-28,2.25,2.2899999618530273,2.2200000286102295,2.25,2.25,18800
2021-10-29,2.2200000286102295,2.299999952316284,2.200000047683716,2.2699999809265137,2.2699999809265137,16200
2021-11-01,2.2699999809265137,2.369999885559082,2.25,2.2899999618530273,2.2899999618530273,23800
2021-11-02,2.2699999809265137,2.369999885559082,2.2699999809265137,2.369999885559082,2.369999885559082,20500
2021-11-03,2.3399999141693115,2.4000000953674316,2.3399999141693115,2.380000114440918,2.380000114440918,10500
2021-11-04,2.359999895095825,2.380000114440918,2.2699999809265137,2.3299999237060547,2.3299999237060547,21300
2021-11-05,2.359999895095825,2.380000114440918,2.299999952316284,2.359999895095825,2.359999895095825,20900
2021-11-08,2.4000000953674316,2.4000000953674316,2.309999942779541,2.319999933242798,2.319999933242798,20000
2021-11-09,2.3499999046325684,2.3499999046325684,2.2799999713897705,2.309999942779541,2.309999942779541,19700
2021-11-10,2.2899999618530273,2.309999942779541,2.200000047683716,2.200000047683716,2.200000047683716,24200
2021-11-11,2.200000047683716,2.2200000286102295,2.180000066757202,2.2100000381469727,2.2100000381469727,18700
2021-11-12,2.2100000381469727,2.2200000286102295,2.180000066757202,2.2100000381469727,2.2100000381469727,7800
2021-11-15,2.190000057220459,2.240000009536743,2.1500000953674316,2.1600000858306885,2.1600000858306885,11600
2021-11-16,2.1500000953674316,2.2100000381469727,2.1500000953674316,2.1500000953674316,2.1500000953674316,14100
2021-11-17,2.140000104904175,2.140000104904175,2.049999952316284,2.049999952316284,2.049999952316284,21000
2021-11-18,2.049999952316284,2.119999885559082,1.850000023841858,1.940000057220459,1.940000057220459,36600
2021-11-19,1.809999942779541,1.8600000143051147,1.75,1.7699999809265137,1.7699999809265137,44300
2021-11-22,1.75,1.8200000524520874,1.75,1.7599999904632568,1.7599999904632568,16800
2021-11-23,1.7599999904632568,1.7999999523162842,1.7300000190734863,1.7300000190734863,1.7300000190734863,16900
2021-11-24,1.7300000190734863,1.7799999713897705,1.7000000476837158,1.75,1.75,10100
2021-11-26,1.7300000190734863,1.75,1.7000000476837158,1.7200000286102295,1.7200000286102295,16900
2021-11-29,1.7100000381469727,1.7699999809265137,1.7000000476837158,1.7000000476837158,1.7000000476837158,11900
2021-11-30,1.7300000190734863,1.7300000190734863,1.6399999856948853,1.6399999856948853,1.6399999856948853,33400
2021-12-01,1.7000000476837158,1.7000000476837158,1.5,1.5,1.5,36000
2021-12-02,1.6100000143051147,1.6100000143051147,1.5,1.5,1.5,16500
2021-12-03,1.5700000524520874,1.5700000524520874,1.2400000095367432,1.3200000524520874,1.3200000524520874,39100
2021-12-06,1.2699999809265137,1.3899999856948853,1.25,1.3899999856948853,1.3899999856948853,27600
2021-12-07,1.3799999952316284,1.590000033378601,1.2699999809265137,1.5299999713897705,1.5299999713897705,32100
2021-12-08,1.5,1.5800000429153442,1.399999976158142,1.4199999570846558,1.4199999570846558,79800
2021-12-09,1.440000057220459,1.6299999952316284,1.340000033378601,1.5700000524520874,1.5700000524520874,83900
2021-12-10,1.649999976158142,1.649999976158142,1.5,1.5700000524520874,1.5700000524520874,10400
2021-12-13,1.5700000524520874,1.5700000524520874,1.399999976158142,1.4199999570846558,1.4199999570846558,23000
2021-12-14,1.4199999570846558,1.4900000095367432,1.350000023841858,1.4199999570846558,1.4199999570846558,10700
2021-12-15,1.309999942779541,1.399999976158142,1.100000023841858,1.340000033378601,1.340000033378601,53100
2021-12-16,1.3899999856948853,1.3899999856948853,1.25,1.2999999523162842,1.2999999523162842,25900
2021-12-17,1.2799999713897705,1.2999999523162842,1.25,1.2699999809265137,1.2699999809265137,26300
2021-12-20,1.2599999904632568,1.2599999904632568,1.1200000047683716,1.149999976158142,1.149999976158142,53200
2021-12-21,1.2400000095367432,1.2799999713897705,1.149999976158142,1.190000057220459,1.190000057220459,22100
2021-12-22,1.1799999475479126,1.2999999523162842,1.1799999475479126,1.2200000286102295,1.2200000286102295,33300
2021-12-23,1.2799999713897705,1.2799999713897705,1.159999966621399,1.2400000095367432,1.2400000095367432,29100
2021-12-27,1.25,1.2599999904632568,1.149999976158142,1.1799999475479126,1.1799999475479126,28400
2021-12-28,1.1200000047683716,1.1799999475479126,1.1200000047683716,1.1699999570846558,1.1699999570846558,26800
2021-12-29,1.1699999570846558,1.1699999570846558,1.0399999618530273,1.059999942779541,1.059999942779541,76700
2021-12-30,1.0800000429153442,1.1200000047683716,1.0,1.0399999618530273,1.0399999618530273,116400
2021-12-31,1.059999942779541,1.100000023841858,1.059999942779541,1.0700000524520874,1.0700000524520874,59200
2022-01-03,1.1699999570846558,1.309999942779541,1.149999976158142,1.190000057220459,1.190000057220459,127700
2022-01-04,1.25,2.5899999141693115,1.25,2.549999952316284,2.549999952316284,14934700
2022-01-05,1.7999999523162842,2.640000104904175,1.7200000286102295,2.299999952316284,2.299999952316284,8067400
2022-01-06,1.8899999856948853,2.3399999141693115,1.8700000047683716,1.9800000190734863,1.9800000190734863,2050700
2022-01-07,1.9299999475479126,2.940000057220459,1.850000023841858,2.640000104904175,2.640000104904175,9718000
2022-01-10,2.440000057220459,2.6500000953674316,2.190000057220459,2.190000057220459,2.190000057220459,1410400
2022-01-11,2.190000057220459,2.549999952316284,2.1600000858306885,2.2899999618530273,2.2899999618530273,1542100
2022-01-12,2.2899999618530273,2.2899999618530273,1.9500000476837158,2.009999990463257,2.009999990463257,516800
2022-01-13,1.940000057220459,2.0,1.8200000524520874,1.8600000143051147,1.8600000143051147,290600
2022-01-14,1.850000023841858,2.0899999141693115,1.8300000429153442,1.909999966621399,1.909999966621399,191900
2022-01-18,1.8200000524520874,1.8899999856948853,1.7000000476837158,1.7599999904632568,1.7599999904632568,184400
2022-01-19,1.7599999904632568,1.8799999952316284,1.6299999952316284,1.8200000524520874,1.8200000524520874,121700
2022-01-20,1.8300000429153442,1.8799999952316284,1.7100000381469727,1.8300000429153442,1.8300000429153442,64500
2022-01-21,1.809999942779541,1.809999942779541,1.7200000286102295,1.75,1.75,88200
2022-01-24,1.7100000381469727,1.7200000286102295,1.5499999523162842,1.7000000476837158,1.7000000476837158,131800
2022-01-25,1.7000000476837158,1.7599999904632568,1.7000000476837158,1.7200000286102295,1.7200000286102295,48200
2022-01-26,1.7899999618530273,1.7999999523162842,1.600000023841858,1.6799999475479126,1.6799999475479126,64200
2022-01-27,1.6399999856948853,1.7100000381469727,1.5399999618530273,1.5399999618530273,1.5399999618530273,49600
2022-01-28,1.5299999713897705,1.5800000429153442,1.4800000190734863,1.5499999523162842,1.5499999523162842,28500
2022-01-31,1.659999966621399,1.659999966621399,1.4800000190734863,1.559999942779541,1.559999942779541,27400
2022-02-01,1.5299999713897705,1.649999976158142,1.5199999809265137,1.6100000143051147,1.6100000143051147,56000
2022-02-02,1.659999966621399,1.7100000381469727,1.5,1.6299999952316284,1.6299999952316284,400400
2022-02-03,1.600000023841858,1.6399999856948853,1.5399999618530273,1.5399999618530273,1.5399999618530273,32400
2022-02-04,1.600000023841858,1.6799999475479126,1.5,1.559999942779541,1.559999942779541,61800
2022-02-07,1.5800000429153442,1.6399999856948853,1.5099999904632568,1.590000033378601,1.590000033378601,67800
2022-02-08,1.559999942779541,1.6100000143051147,1.559999942779541,1.5800000429153442,1.5800000429153442,28800
2022-02-09,1.5800000429153442,1.6699999570846558,1.5700000524520874,1.590000033378601,1.590000033378601,52900
2022-02-10,1.590000033378601,1.7799999713897705,1.590000033378601,1.6399999856948853,1.6399999856948853,71000
2022-02-11,1.7000000476837158,1.7000000476837158,1.5199999809265137,1.5700000524520874,1.5700000524520874,45600
2022-02-14,1.590000033378601,1.659999966621399,1.5099999904632568,1.5399999618530273,1.5399999618530273,27200
2022-02-15,1.5499999523162842,1.6200000047683716,1.5,1.5399999618530273,1.5399999618530273,65100
2022-02-16,1.5,1.5800000429153442,1.5,1.5499999523162842,1.5499999523162842,19500
2022-02-17,1.5499999523162842,1.5700000524520874,1.4700000286102295,1.5499999523162842,1.5499999523162842,15900
2022-02-18,1.5700000524520874,1.5700000524520874,1.3600000143051147,1.3899999856948853,1.3899999856948853,52500
2022-02-22,1.4700000286102295,1.4700000286102295,1.2100000381469727,1.2599999904632568,1.2599999904632568,57400
2022-02-23,1.2699999809265137,1.350000023841858,1.2400000095367432,1.2599999904632568,1.2599999904632568,12000
2022-02-24,1.2000000476837158,1.340000033378601,1.1799999475479126,1.340000033378601,1.340000033378601,33100
2022-02-25,1.3600000143051147,1.4199999570846558,1.340000033378601,1.3600000143051147,1.3600000143051147,7900
2022-02-28,1.3200000524520874,1.340000033378601,1.2699999809265137,1.2999999523162842,1.2999999523162842,27900
2022-03-01,1.2699999809265137,1.3300000429153442,1.25,1.3200000524520874,1.3200000524520874,10500
2022-03-02,1.2899999618530273,1.3300000429153442,1.25,1.25,1.25,10700
2022-03-03,1.309999942779541,1.309999942779541,1.2200000286102295,1.2400000095367432,1.2400000095367432,9100
2022-03-04,1.2899999618530273,1.2899999618530273,1.2100000381469727,1.2100000381469727,1.2100000381469727,35000
2022-03-07,1.2100000381469727,1.2599999904632568,1.159999966621399,1.2000000476837158,1.2000000476837158,65700
2022-03-08,1.1799999475479126,1.25,1.1699999570846558,1.2400000095367432,1.2400000095367432,29800
2022-03-09,1.2599999904632568,1.3300000429153442,1.2599999904632568,1.2999999523162842,1.2999999523162842,16100
2022-03-10,1.2699999809265137,1.309999942779541,1.1799999475479126,1.1799999475479126,1.1799999475479126,13900
2022-03-11,1.25,1.25,1.1799999475479126,1.1799999475479126,1.1799999475479126,23100
2022-03-14,1.2799999713897705,1.3300000429153442,1.149999976158142,1.2400000095367432,1.2400000095367432,61100
2022-03-15,1.25,1.25,1.1699999570846558,1.1799999475479126,1.1799999475479126,13900
2022-03-16,1.3300000429153442,1.4500000476837158,1.2200000286102295,1.2999999523162842,1.2999999523162842,95800
2022-03-17,1.3600000143051147,1.4199999570846558,1.309999942779541,1.3799999952316284,1.3799999952316284,45100
2022-03-18,1.4500000476837158,1.4500000476837158,1.3799999952316284,1.4299999475479126,1.4299999475479126,39800
2022-03-21,1.4800000190734863,1.4900000095367432,1.399999976158142,1.4199999570846558,1.4199999570846558,42400
2022-03-22,1.2699999809265137,1.4299999475479126,1.2699999809265137,1.3899999856948853,1.3899999856948853,82000
2022-03-23,1.3600000143051147,1.649999976158142,1.3600000143051147,1.4600000381469727,1.4600000381469727,165900
2022-03-24,1.440000057220459,1.4600000381469727,1.409999966621399,1.440000057220459,1.440000057220459,17500
2022-03-25,1.4199999570846558,1.5199999809265137,1.4199999570846558,1.4500000476837158,1.4500000476837158,12500
2022-03-28,1.4500000476837158,1.4600000381469727,1.309999942779541,1.350000023841858,1.350000023841858,31700
2022-03-29,1.340000033378601,1.399999976158142,1.340000033378601,1.3700000047683716,1.3700000047683716,15200
2022-03-30,1.3899999856948853,1.4199999570846558,1.3300000429153442,1.399999976158142,1.399999976158142,31000
2022-03-31,1.3899999856948853,1.600000023841858,1.3899999856948853,1.4800000190734863,1.4800000190734863,46200
2022-04-01,1.559999942779541,1.600000023841858,1.399999976158142,1.440000057220459,1.440000057220459,151100
2022-04-04,1.4500000476837158,1.4600000381469727,1.399999976158142,1.409999966621399,1.409999966621399,22900
2022-04-05,1.399999976158142,1.4600000381469727,1.399999976158142,1.440000057220459,1.440000057220459,16300
2022-04-06,1.3799999952316284,1.440000057220459,1.2999999523162842,1.2999999523162842,1.2999999523162842,11000
2022-04-07,1.3200000524520874,1.3200000524520874,1.2200000286102295,1.2699999809265137,1.2699999809265137,26400
2022-04-08,1.2599999904632568,1.2699999809265137,1.2100000381469727,1.2100000381469727,1.2100000381469727,7200
2022-04-11,1.2000000476837158,1.2599999904632568,1.2000000476837158,1.2300000190734863,1.2300000190734863,17900
2022-04-12,1.2300000190734863,1.2699999809265137,1.1799999475479126,1.2100000381469727,1.2100000381469727,32900
2022-04-13,1.2300000190734863,1.25,1.190000057220459,1.2200000286102295,1.2200000286102295,13300
2022-04-14,1.2300000190734863,1.2400000095367432,1.2200000286102295,1.2300000190734863,1.2300000190734863,8700
2022-04-18,1.2200000286102295,1.2400000095367432,1.1799999475479126,1.190000057220459,1.190000057220459,18800
2022-04-19,1.190000057220459,1.2300000190734863,1.159999966621399,1.159999966621399,1.159999966621399,36100
2022-04-20,1.159999966621399,1.190000057220459,1.159999966621399,1.159999966621399,1.159999966621399,7300
2022-04-21,1.159999966621399,1.2000000476837158,1.159999966621399,1.1699999570846558,1.1699999570846558,10200
2022-04-22,1.1699999570846558,1.2400000095367432,1.159999966621399,1.2100000381469727,1.2100000381469727,27700
2022-04-25,1.1799999475479126,1.2000000476837158,1.159999966621399,1.1699999570846558,1.1699999570846558,21600
2022-04-26,1.1799999475479126,1.1799999475479126,1.159999966621399,1.159999966621399,1.159999966621399,6900
2022-04-27,1.159999966621399,1.190000057220459,1.149999976158142,1.149999976158142,1.149999976158142,9900
2022-04-28,1.159999966621399,1.159999966621399,1.1299999952316284,1.149999976158142,1.149999976158142,10400
2022-04-29,1.1699999570846558,1.2000000476837158,1.159999966621399,1.1799999475479126,1.1799999475479126,7200
2022-05-02,1.1699999570846558,1.1799999475479126,1.149999976158142,1.159999966621399,1.159999966621399,5300
2022-05-03,1.149999976158142,1.1699999570846558,1.149999976158142,1.159999966621399,1.159999966621399,7100
2022-05-04,1.149999976158142,1.149999976158142,1.1399999856948853,1.149999976158142,1.149999976158142,11400
2022-05-05,1.159999966621399,1.1699999570846558,1.1399999856948853,1.1699999570846558,1.1699999570846558,13700
2022-05-06,1.149999976158142,1.159999966621399,1.1399999856948853,1.1399999856948853,1.1399999856948853,17600
2022-05-09,1.1399999856948853,1.1399999856948853,1.0700000524520874,1.0700000524520874,1.0700000524520874,26800
2022-05-10,1.0700000524520874,1.090000033378601,1.0700000524520874,1.0800000429153442,1.0800000429153442,11300
2022-05-11,1.090000033378601,1.090000033378601,1.0399999618530273,1.0399999618530273,1.0399999618530273,24000
2022-05-12,1.0,1.0,0.8799999952316284,0.9399999976158142,0.9399999976158142,14600
2022-05-13,1.0700000524520874,1.0700000524520874,0.9300000071525574,1.0499999523162842,1.0499999523162842,16400
2022-05-16,1.149999976158142,1.149999976158142,1.0099999904632568,1.0099999904632568,1.0099999904632568,10300
2022-05-17,1.1299999952316284,1.1299999952316284,1.0700000524520874,1.090000033378601,1.090000033378601,12900
2022-05-18,1.100000023841858,1.100000023841858,1.0800000429153442,1.0800000429153442,1.0800000429153442,3100
2022-05-19,1.100000023841858,1.100000023841858,1.0299999713897705,1.0299999713897705,1.0299999713897705,15700
2022-05-20,1.0299999713897705,1.0299999713897705,1.0099999904632568,1.0099999904632568,1.0099999904632568,7900
2022-05-23,1.0199999809265137,1.0199999809265137,1.0099999904632568,1.0099999904632568,1.0099999904632568,6300
2022-05-24,1.0099999904632568,1.0399999618530273,0.9900000095367432,0.9900000095367432,0.9900000095367432,22100
2022-05-25,1.0099999904632568,1.0099999904632568,0.9700000286102295,0.9700000286102295,0.9700000286102295,23900
2022-05-26,0.9800000190734863,1.0,0.9800000190734863,1.0,1.0,4500
2022-05-27,0.9599999785423279,1.1699999570846558,0.9599999785423279,1.059999942779541,1.059999942779541,14900
2022-05-31,1.1100000143051147,1.1100000143051147,1.0299999713897705,1.059999942779541,1.059999942779541,8700
2022-06-01,1.0700000524520874,1.090000033378601,0.9700000286102295,0.9700000286102295,0.9700000286102295,15100
2022-06-02,0.9700000286102295,1.0299999713897705,0.9700000286102295,1.0299999713897705,1.0299999713897705,15700
2022-06-03,1.0299999713897705,1.0499999523162842,0.9700000286102295,1.0199999809265137,1.0199999809265137,9200
2022-06-06,1.0099999904632568,1.0499999523162842,1.0099999904632568,1.0299999713897705,1.0299999713897705,1800
2022-06-07,1.0499999523162842,1.059999942779541,1.0499999523162842,1.059999942779541,1.059999942779541,8400
2022-06-08,1.059999942779541,1.1100000143051147,1.059999942779541,1.0700000524520874,1.0700000524520874,5000
2022-06-09,1.0399999618530273,1.1200000047683716,1.0399999618530273,1.0800000429153442,1.0800000429153442,5900
2022-06-10,1.159999966621399,1.159999966621399,1.090000033378601,1.100000023841858,1.100000023841858,4300
2022-06-13,1.0800000429153442,1.090000033378601,1.0399999618530273,1.0399999618530273,1.0399999618530273,10400
2022-06-14,1.0199999809265137,1.100000023841858,1.0199999809265137,1.0399999618530273,1.0399999618530273,3100
2022-06-15,1.0499999523162842,1.0499999523162842,1.0,1.0099999904632568,1.0099999904632568,17200
2022-06-16,1.0099999904632568,1.0299999713897705,1.0099999904632568,1.0099999904632568,1.0099999904632568,5900
2022-06-17,1.0099999904632568,1.0299999713897705,1.0099999904632568,1.0199999809265137,1.0199999809265137,7500
2022-06-21,1.0199999809265137,1.0700000524520874,1.0199999809265137,1.0499999523162842,1.0499999523162842,2500
2022-06-22,1.0499999523162842,1.059999942779541,1.0499999523162842,1.0499999523162842,1.0499999523162842,5200
2022-06-23,1.0299999713897705,1.0399999618530273,1.0299999713897705,1.0299999713897705,1.0299999713897705,4000
2022-06-24,1.0399999618530273,1.1100000143051147,1.0399999618530273,1.0800000429153442,1.0800000429153442,4900
2022-06-27,1.0800000429153442,1.090000033378601,1.0800000429153442,1.090000033378601,1.090000033378601,1500
2022-06-28,1.190000057220459,1.190000057220459,1.0800000429153442,1.1200000047683716,1.1200000047683716,6800
2022-06-29,1.1399999856948853,1.1399999856948853,1.0499999523162842,1.0499999523162842,1.0499999523162842,17900
2022-06-30,1.0800000429153442,1.0800000429153442,1.059999942779541,1.059999942779541,1.059999942779541,14700
2022-07-01,1.059999942779541,1.0800000429153442,1.059999942779541,1.059999942779541,1.059999942779541,7800
2022-07-05,1.0700000524520874,1.0700000524520874,1.059999942779541,1.059999942779541,1.059999942779541,8300
2022-07-06,1.059999942779541,1.1100000143051147,1.059999942779541,1.100000023841858,1.100000023841858,6300
2022-07-07,1.1100000143051147,1.149999976158142,1.100000023841858,1.149999976158142,1.149999976158142,14800
2022-07-08,1.2000000476837158,1.2899999618530273,1.159999966621399,1.2699999809265137,1.2699999809265137,33900
2022-07-11,1.3600000143051147,1.3600000143051147,1.3200000524520874,1.340000033378601,1.340000033378601,20600
2022-07-12,1.4299999475479126,1.4299999475479126,1.350000023841858,1.3799999952316284,1.3799999952316284,23100
2022-07-13,1.3799999952316284,1.3899999856948853,1.3600000143051147,1.3799999952316284,1.3799999952316284,9000
2022-07-14,1.3799999952316284,1.3799999952316284,1.340000033378601,1.340000033378601,1.340000033378601,7100
2022-07-15,1.350000023841858,1.350000023841858,1.2200000286102295,1.2799999713897705,1.2799999713897705,24000
2022-07-18,1.2400000095367432,1.2899999618530273,1.2400000095367432,1.2699999809265137,1.2699999809265137,2600
2022-07-19,1.25,1.2999999523162842,1.25,1.2899999618530273,1.2899999618530273,19000
2022-07-20,1.2999999523162842,1.399999976158142,1.2999999523162842,1.399999976158142,1.399999976158142,22500
2022-07-21,1.409999966621399,1.649999976158142,1.340000033378601,1.6200000047683716,1.6200000047683716,83200
2022-07-22,1.6200000047683716,1.6200000047683716,1.5099999904632568,1.5700000524520874,1.5700000524520874,8000
2022-07-25,1.590000033378601,1.590000033378601,1.5299999713897705,1.5399999618530273,1.5399999618530273,12100
2022-07-26,1.5299999713897705,1.5499999523162842,1.5299999713897705,1.5399999618530273,1.5399999618530273,4300
2022-07-27,1.5399999618530273,1.5800000429153442,1.5199999809265137,1.5299999713897705,1.5299999713897705,17700
2022-07-28,1.590000033378601,1.6299999952316284,1.5499999523162842,1.5499999523162842,1.5499999523162842,18400
2022-07-29,1.559999942779541,1.6399999856948853,1.559999942779541,1.6399999856948853,1.6399999856948853,12400
2022-08-01,1.6200000047683716,1.8899999856948853,1.6100000143051147,1.850000023841858,1.850000023841858,131700
2022-08-02,1.8200000524520874,1.9199999570846558,1.7999999523162842,1.909999966621399,1.909999966621399,57900
2022-08-03,1.9900000095367432,2.0,1.899999976158142,1.940000057220459,1.940000057220459,41200
2022-08-04,1.9500000476837158,1.9700000286102295,1.7999999523162842,1.8600000143051147,1.8600000143051147,62100
2022-08-05,1.809999942779541,1.940000057220459,1.600000023841858,1.850000023841858,1.850000023841858,123500
2022-08-08,1.9299999475479126,1.940000057220459,1.8200000524520874,1.850000023841858,1.850000023841858,36800
2022-08-09,1.850000023841858,1.909999966621399,1.8300000429153442,1.899999976158142,1.899999976158142,23800
2022-08-10,1.8899999856948853,1.9800000190734863,1.840000033378601,1.8700000047683716,1.8700000047683716,26400
2022-08-11,1.940000057220459,2.0299999713897705,1.840000033378601,1.909999966621399,1.909999966621399,88300
2022-08-12,1.9700000286102295,1.9700000286102295,1.7999999523162842,1.8200000524520874,1.8200000524520874,26900
2022-08-15,1.899999976158142,1.9500000476837158,1.6100000143051147,1.940000057220459,1.940000057220459,88700
2022-08-16,1.9500000476837158,2.1500000953674316,1.8700000047683716,2.119999885559082,2.119999885559082,106100
2022-08-17,2.0999999046325684,2.4800000190734863,2.0999999046325684,2.4000000953674316,2.4000000953674316,223500
2022-08-18,2.4000000953674316,2.640000104904175,2.309999942779541,2.5999999046325684,2.5999999046325684,325800
2022-08-19,2.640000104904175,2.640000104904175,2.5399999618530273,2.5999999046325684,2.5999999046325684,84900
2022-08-22,2.609999895095825,2.609999895095825,2.299999952316284,2.359999895095825,2.359999895095825,74300
2022-08-23,2.319999933242798,2.559999942779541,2.319999933242798,2.559999942779541,2.559999942779541,56700
2022-08-24,2.509999990463257,2.609999895095825,2.450000047683716,2.5999999046325684,2.5999999046325684,41400
2022-08-25,2.5199999809265137,2.640000104904175,2.509999990463257,2.5199999809265137,2.5199999809265137,72500
2022-08-26,2.5199999809265137,2.569999933242798,2.430000066757202,2.4700000286102295,2.4700000286102295,33400
2022-08-29,2.4100000858306885,2.549999952316284,2.4000000953674316,2.450000047683716,2.450000047683716,13700
2022-08-30,2.4800000190734863,2.569999933242798,2.4800000190734863,2.5399999618530273,2.5399999618530273,13500
2022-08-31,2.5799999237060547,2.5799999237060547,2.4600000381469727,2.5,2.5,16100
2022-09-01,2.5,2.5,2.359999895095825,2.4600000381469727,2.4600000381469727,15200
2022-09-02,2.4800000190734863,2.4800000190734863,2.119999885559082,2.190000057220459,2.190000057220459,67300
2022-09-06,2.190000057220459,2.3399999141693115,2.1500000953674316,2.2200000286102295,2.2200000286102295,170300
2022-09-07,2.130000114440918,2.190000057220459,2.130000114440918,2.1600000858306885,2.1600000858306885,14300
2022-09-08,2.190000057220459,2.190000057220459,2.130000114440918,2.1500000953674316,2.1500000953674316,34500
2022-09-09,2.119999885559082,2.180000066757202,1.9600000381469727,2.0399999618530273,2.0399999618530273,31200
2022-09-12,1.9600000381469727,2.049999952316284,1.9600000381469727,2.009999990463257,2.009999990463257,5100
2022-09-13,1.9700000286102295,2.059999942779541,1.9199999570846558,2.009999990463257,2.009999990463257,36800
2022-09-14,2.009999990463257,2.009999990463257,1.9199999570846558,1.9800000190734863,1.9800000190734863,50100
2022-09-15,1.8899999856948853,1.899999976158142,1.7599999904632568,1.850000023841858,1.850000023841858,46100
2022-09-16,1.8600000143051147,1.9500000476837158,1.809999942779541,1.809999942779541,1.809999942779541,12200
2022-09-19,1.850000023841858,1.8700000047683716,1.7999999523162842,1.8200000524520874,1.8200000524520874,7300
2022-09-20,1.9600000381469727,1.9900000095367432,1.9199999570846558,1.9800000190734863,1.9800000190734863,14000
2022-09-21,1.9900000095367432,2.0,1.909999966621399,1.9800000190734863,1.9800000190734863,21300
2022-09-22,1.9700000286102295,2.0,1.9299999475479126,1.940000057220459,1.940000057220459,18200
2022-09-23,1.909999966621399,1.940000057220459,1.7000000476837158,1.7400000095367432,1.7400000095367432,33900
2022-09-26,1.7799999713897705,1.7799999713897705,1.7200000286102295,1.7200000286102295,1.7200000286102295,11600
2022-09-27,1.8300000429153442,1.8300000429153442,1.659999966621399,1.659999966621399,1.659999966621399,8000
2022-09-28,1.7599999904632568,1.7799999713897705,1.7300000190734863,1.7799999713897705,1.7799999713897705,5200
2022-09-29,1.75,1.7599999904632568,1.75,1.7599999904632568,1.7599999904632568,3100
2022-09-30,1.75,1.7799999713897705,1.7100000381469727,1.7100000381469727,1.7100000381469727,4300
2022-10-03,1.7000000476837158,1.75,1.7000000476837158,1.75,1.75,1600
2022-10-04,1.7100000381469727,1.850000023841858,1.7100000381469727,1.8200000524520874,1.8200000524520874,5200
2022-10-05,1.7200000286102295,1.850000023841858,1.7200000286102295,1.8300000429153442,1.8300000429153442,6500
2022-10-06,1.8700000047683716,1.9800000190734863,1.8700000047683716,1.9600000381469727,1.9600000381469727,6600
2022-10-07,1.940000057220459,1.9700000286102295,1.840000033378601,1.8899999856948853,1.8899999856948853,11300
2022-10-10,1.8899999856948853,1.9199999570846558,1.8899999856948853,1.909999966621399,1.909999966621399,5600
2022-10-11,1.899999976158142,1.899999976158142,1.8600000143051147,1.899999976158142,1.899999976158142,1200
2022-10-12,1.8899999856948853,1.8899999856948853,1.8600000143051147,1.8700000047683716,1.8700000047683716,9100
2022-10-13,1.8600000143051147,1.8700000047683716,1.7899999618530273,1.840000033378601,1.840000033378601,11100
2022-10-14,1.850000023841858,1.9199999570846558,1.850000023841858,1.8700000047683716,1.8700000047683716,9900
2022-10-17,1.850000023841858,1.850000023841858,1.8300000429153442,1.840000033378601,1.840000033378601,5100
2022-10-18,1.9299999475479126,1.9299999475479126,1.840000033378601,1.8899999856948853,1.8899999856948853,14000
2022-10-19,1.899999976158142,1.9600000381469727,1.8799999952316284,1.8799999952316284,1.8799999952316284,1500
2022-10-20,1.909999966621399,1.9199999570846558,1.8600000143051147,1.899999976158142,1.899999976158142,14500
2022-10-21,1.850000023841858,1.850000023841858,1.8200000524520874,1.8200000524520874,1.8200000524520874,6500
2022-10-24,1.8200000524520874,1.8200000524520874,1.75,1.7999999523162842,1.7999999523162842,5400
2022-10-25,1.7999999523162842,1.8200000524520874,1.7599999904632568,1.7599999904632568,1.7599999904632568,15100
2022-10-26,1.7899999618530273,1.809999942779541,1.7699999809265137,1.7999999523162842,1.7999999523162842,17900
2022-10-27,1.8300000429153442,1.8300000429153442,1.7599999904632568,1.809999942779541,1.809999942779541,2500
2022-10-28,1.7799999713897705,1.809999942779541,1.7599999904632568,1.7799999713897705,1.7799999713897705,6300
2022-10-31,1.7799999713897705,1.8600000143051147,1.7799999713897705,1.8600000143051147,1.8600000143051147,5900
2022-11-01,1.7899999618530273,1.850000023841858,1.7799999713897705,1.850000023841858,1.850000023841858,10400
2022-11-02,1.850000023841858,1.9500000476837158,1.7999999523162842,1.9500000476837158,1.9500000476837158,16500
2022-11-03,1.7999999523162842,1.899999976158142,1.7000000476837158,1.7699999809265137,1.7699999809265137,29300
2022-11-04,1.7899999618530273,1.840000033378601,1.7899999618530273,1.7999999523162842,1.7999999523162842,5100
2022-11-07,1.7599999904632568,1.8700000047683716,1.75,1.7599999904632568,1.7599999904632568,12400
2022-11-08,1.8600000143051147,1.8799999952316284,1.8200000524520874,1.8700000047683716,1.8700000047683716,12400
2022-11-09,1.840000033378601,1.8700000047683716,1.75,1.8300000429153442,1.8300000429153442,9400
2022-11-10,1.7200000286102295,1.8700000047683716,1.7200000286102295,1.8300000429153442,1.8300000429153442,5100
2022-11-11,1.8300000429153442,1.840000033378601,1.659999966621399,1.7899999618530273,1.7899999618530273,24500
2022-11-14,1.7200000286102295,1.7799999713897705,1.7200000286102295,1.7699999809265137,1.7699999809265137,700
2022-11-15,1.6100000143051147,1.840000033378601,1.6100000143051147,1.7100000381469727,1.7100000381469727,4300
2022-11-16,1.649999976158142,1.7599999904632568,1.649999976158142,1.6799999475479126,1.6799999475479126,2600
2022-11-17,1.690000057220459,1.75,1.6799999475479126,1.6799999475479126,1.6799999475479126,4700
2022-11-18,1.6799999475479126,1.8600000143051147,1.6799999475479126,1.7799999713897705,1.7799999713897705,20100
2022-11-21,1.7200000286102295,1.7799999713897705,1.6799999475479126,1.7000000476837158,1.7000000476837158,3700
2022-11-22,1.6799999475479126,1.6799999475479126,1.6799999475479126,1.6799999475479126,1.6799999475479126,600
2022-11-23,1.7100000381469727,1.7200000286102295,1.7000000476837158,1.7200000286102295,1.7200000286102295,2300
2022-11-25,1.8600000143051147,1.8600000143051147,1.7200000286102295,1.7200000286102295,1.7200000286102295,1300
2022-11-28,1.7200000286102295,1.8200000524520874,1.7200000286102295,1.7599999904632568,1.7599999904632568,1600
2022-11-29,1.8200000524520874,1.8200000524520874,1.7000000476837158,1.7699999809265137,1.7699999809265137,2200
2022-11-30,1.7699999809265137,1.8600000143051147,1.7200000286102295,1.75,1.75,7200
2022-12-01,1.7200000286102295,1.8300000429153442,1.5700000524520874,1.6200000047683716,1.6200000047683716,12500
2022-12-02,1.5800000429153442,1.649999976158142,1.5800000429153442,1.6299999952316284,1.6299999952316284,2300
2022-12-05,1.7000000476837158,1.7000000476837158,1.5,1.5099999904632568,1.5099999904632568,21000
2022-12-06,1.5700000524520874,1.5700000524520874,1.3899999856948853,1.4600000381469727,1.4600000381469727,16400
2022-12-07,1.4700000286102295,1.7300000190734863,1.409999966621399,1.409999966621399,1.409999966621399,4800
2022-12-08,1.5199999809265137,1.7100000381469727,1.399999976158142,1.5199999809265137,1.5199999809265137,22200
2022-12-09,1.5099999904632568,1.5099999904632568,1.4600000381469727,1.4700000286102295,1.4700000286102295,3300
2022-12-12,1.409999966621399,1.4500000476837158,1.1799999475479126,1.3300000429153442,1.3300000429153442,16600
2022-12-13,1.4800000190734863,1.5399999618530273,1.4600000381469727,1.5299999713897705,1.5299999713897705,3300
2022-12-14,1.4500000476837158,1.4500000476837158,1.3600000143051147,1.3700000047683716,1.3700000047683716,2400
2022-12-15,1.3899999856948853,1.5,1.3899999856948853,1.4800000190734863,1.4800000190734863,3700
2022-12-16,1.8600000143051147,1.8600000143051147,1.4700000286102295,1.5399999618530273,1.5399999618530273,8400
2022-12-19,1.6100000143051147,1.6100000143051147,1.4800000190734863,1.5399999618530273,1.5399999618530273,3200
2022-12-20,1.4299999475479126,1.5,1.409999966621399,1.4299999475479126,1.4299999475479126,11800
2022-12-21,1.340000033378601,1.440000057220459,1.340000033378601,1.4299999475479126,1.4299999475479126,4500
2022-12-22,1.440000057220459,1.4500000476837158,1.350000023841858,1.4500000476837158,1.4500000476837158,8700
2022-12-23,1.4600000381469727,1.5,1.440000057220459,1.440000057220459,1.440000057220459,10000
2022-12-27,1.399999976158142,1.399999976158142,1.350000023841858,1.3600000143051147,1.3600000143051147,6100
2022-12-28,1.2999999523162842,1.3899999856948853,1.2999999523162842,1.309999942779541,1.309999942779541,11500
2022-12-29,1.4500000476837158,1.5,1.2400000095367432,1.350000023841858,1.350000023841858,26500
2022-12-30,1.2300000190734863,1.3200000524520874,1.1299999952316284,1.2699999809265137,1.2699999809265137,14400
2023-01-03,1.2200000286102295,1.2999999523162842,1.2200000286102295,1.2599999904632568,1.2599999904632568,7000
2023-01-04,1.2799999713897705,1.2799999713897705,1.25,1.2699999809265137,1.2699999809265137,1400
2023-01-05,1.2400000095367432,1.3700000047683716,1.2400000095367432,1.3200000524520874,1.3200000524520874,2300
2023-01-06,1.3600000143051147,1.440000057220459,1.350000023841858,1.409999966621399,1.409999966621399,1300
2023-01-09,1.4199999570846558,1.4800000190734863,1.399999976158142,1.399999976158142,1.399999976158142,7400
2023-01-10,1.3899999856948853,1.3899999856948853,1.3799999952316284,1.3899999856948853,1.3899999856948853,1400
2023-01-11,1.3899999856948853,1.409999966621399,1.2799999713897705,1.3799999952316284,1.3799999952316284,6600
2023-01-12,1.3799999952316284,1.4199999570846558,1.350000023841858,1.350000023841858,1.350000023841858,4600
2023-01-13,1.3799999952316284,1.3799999952316284,1.3700000047683716,1.3700000047683716,1.3700000047683716,600
2023-01-17,1.3799999952316284,1.4500000476837158,1.3799999952316284,1.3799999952316284,1.3799999952316284,1800
2023-01-18,1.4600000381469727,1.4600000381469727,1.3600000143051147,1.4299999475479126,1.4299999475479126,5000
2023-01-19,1.409999966621399,1.409999966621399,1.350000023841858,1.350000023841858,1.350000023841858,18900
2023-01-20,1.3799999952316284,1.440000057220459,1.309999942779541,1.3700000047683716,1.3700000047683716,18300
2023-01-23,1.3700000047683716,1.440000057220459,1.3700000047683716,1.440000057220459,1.440000057220459,12000
2023-01-24,1.399999976158142,1.440000057220459,1.3799999952316284,1.440000057220459,1.440000057220459,3700
2023-01-25,1.3799999952316284,1.440000057220459,1.350000023841858,1.440000057220459,1.440000057220459,6900
2023-01-26,1.440000057220459,1.4800000190734863,1.3600000143051147,1.4800000190734863,1.4800000190734863,14500
2023-01-27,1.399999976158142,1.4700000286102295,1.3600000143051147,1.4199999570846558,1.4199999570846558,6000
2023-01-30,1.3799999952316284,1.4600000381469727,1.3799999952316284,1.4500000476837158,1.4500000476837158,7000
2023-01-31,1.4800000190734863,1.4800000190734863,1.4299999475479126,1.440000057220459,1.440000057220459,21600
2023-02-01,1.4800000190734863,1.5299999713897705,1.4299999475479126,1.4800000190734863,1.4800000190734863,4800
2023-02-02,1.5,1.5,1.399999976158142,1.4299999475479126,1.4299999475479126,7900
2023-02-03,1.5,1.6200000047683716,1.4900000095367432,1.5,1.5,6500
2023-02-06,1.6299999952316284,1.690000057220459,1.5499999523162842,1.6699999570846558,1.6699999570846558,13200
2023-02-07,1.7100000381469727,1.7899999618530273,1.5399999618530273,1.600000023841858,1.600000023841858,34900
2023-02-08,1.6399999856948853,1.690000057220459,1.600000023841858,1.649999976158142,1.649999976158142,6900
2023-02-09,1.7100000381469727,1.7799999713897705,1.6200000047683716,1.7100000381469727,1.7100000381469727,14700
2023-02-10,1.7000000476837158,1.7999999523162842,1.649999976158142,1.7400000095367432,1.7400000095367432,11400
2023-02-13,1.7899999618530273,1.8200000524520874,1.75,1.7699999809265137,1.7699999809265137,13000
2023-02-14,1.850000023841858,1.850000023841858,1.7699999809265137,1.7799999713897705,1.7799999713897705,8300
2023-02-15,1.7899999618530273,1.8600000143051147,1.7899999618530273,1.850000023841858,1.850000023841858,10800
2023-02-16,1.850000023841858,2.0399999618530273,1.850000023841858,2.0,2.0,87200
2023-02-17,2.180000066757202,2.319999933242798,2.0399999618530273,2.1500000953674316,2.1500000953674316,172800
2023-02-21,2.25,2.25,1.840000033378601,1.8600000143051147,1.8600000143051147,55100
2023-02-22,1.940000057220459,2.009999990463257,1.850000023841858,1.899999976158142,1.899999976158142,15700
2023-02-23,1.8799999952316284,1.9500000476837158,1.850000023841858,1.9500000476837158,1.9500000476837158,22200
2023-02-24,1.940000057220459,1.940000057220459,1.8200000524520874,1.8700000047683716,1.8700000047683716,57600
2023-02-27,1.899999976158142,1.909999966621399,1.8300000429153442,1.8899999856948853,1.8899999856948853,24600
2023-02-28,1.8700000047683716,1.899999976158142,1.840000033378601,1.899999976158142,1.899999976158142,8700
2023-03-01,1.9500000476837158,1.9500000476837158,1.899999976158142,1.9299999475479126,1.9299999475479126,8100
2023-03-02,1.9500000476837158,1.9900000095367432,1.8799999952316284,1.9900000095367432,1.9900000095367432,12900
2023-03-03,1.9800000190734863,1.9800000190734863,1.899999976158142,1.909999966621399,1.909999966621399,5800
2023-03-06,1.9800000190734863,1.9800000190734863,1.909999966621399,1.9500000476837158,1.9500000476837158,647600
2023-03-07,2.0899999141693115,2.430000066757202,2.059999942779541,2.319999933242798,2.319999933242798,385900
2023-03-08,2.319999933242798,2.4800000190734863,2.319999933242798,2.4200000762939453,2.4200000762939453,64600
2023-03-09,2.440000057220459,2.490000009536743,2.2799999713897705,2.4700000286102295,2.4700000286102295,80100
2023-03-10,2.4800000190734863,2.4800000190734863,2.0,2.0,2.0,38000
2023-03-13,2.059999942779541,2.2200000286102295,1.9600000381469727,1.9900000095367432,1.9900000095367432,26500
2023-03-14,1.940000057220459,2.0,1.809999942779541,1.9199999570846558,1.9199999570846558,40400
2023-03-15,1.7999999523162842,1.9900000095367432,1.7999999523162842,1.9900000095367432,1.9900000095367432,24000
2023-03-16,1.9299999475479126,1.9800000190734863,1.8700000047683716,1.8700000047683716,1.8700000047683716,15800
2023-03-17,1.8799999952316284,1.9600000381469727,1.8799999952316284,1.899999976158142,1.899999976158142,15700
2023-03-20,1.8899999856948853,1.9299999475479126,1.7999999523162842,1.7999999523162842,1.7999999523162842,10900
2023-03-21,1.7999999523162842,1.9299999475479126,1.7999999523162842,1.899999976158142,1.899999976158142,5600
2023-03-22,1.9299999475479126,1.9700000286102295,1.8700000047683716,1.8700000047683716,1.8700000047683716,5500
2023-03-23,1.8600000143051147,1.8600000143051147,1.7599999904632568,1.7599999904632568,1.7599999904632568,17800
2023-03-24,1.7999999523162842,1.8899999856948853,1.7999999523162842,1.8799999952316284,1.8799999952316284,8900
2023-03-27,1.899999976158142,1.899999976158142,1.7999999523162842,1.8200000524520874,1.8200000524520874,9800
2023-03-28,1.8799999952316284,1.8899999856948853,1.809999942779541,1.809999942779541,1.809999942779541,10600
2023-03-29,1.850000023841858,1.8600000143051147,1.809999942779541,1.8300000429153442,1.8300000429153442,5600
2023-03-30,1.8200000524520874,1.8700000047683716,1.8200000524520874,1.8700000047683716,1.8700000047683716,6400
2023-03-31,1.9900000095367432,2.049999952316284,1.840000033378601,1.9299999475479126,1.9299999475479126,16900
2023-04-03,1.9800000190734863,1.9800000190734863,1.850000023841858,1.909999966621399,1.909999966621399,23000
2023-04-04,1.9299999475479126,1.940000057220459,1.8700000047683716,1.8899999856948853,1.8899999856948853,7000
2023-04-05,1.899999976158142,1.899999976158142,1.840000033378601,1.8700000047683716,1.8700000047683716,8700
2023-04-06,1.8700000047683716,1.899999976158142,1.809999942779541,1.840000033378601,1.840000033378601,9900
2023-04-10,1.8300000429153442,1.899999976158142,1.809999942779541,1.8300000429153442,1.8300000429153442,17500
2023-04-11,1.899999976158142,1.9700000286102295,1.850000023841858,1.9700000286102295,1.9700000286102295,8700
2023-04-12,1.9700000286102295,1.9800000190734863,1.8799999952316284,1.8799999952316284,1.8799999952316284,13000
2023-04-13,1.940000057220459,1.9500000476837158,1.8899999856948853,1.899999976158142,1.899999976158142,12700
2023-04-14,1.9299999475479126,1.9800000190734863,1.8300000429153442,1.850000023841858,1.850000023841858,19900
2023-04-17,1.9800000190734863,1.9800000190734863,1.8300000429153442,1.850000023841858,1.850000023841858,12000
2023-04-18,1.9299999475479126,1.940000057220459,1.8600000143051147,1.8899999856948853,1.8899999856948853,10100
2023-04-19,1.9299999475479126,1.9500000476837158,1.899999976158142,1.940000057220459,1.940000057220459,3600
2023-04-20,1.899999976158142,1.9500000476837158,1.899999976158142,1.9199999570846558,1.9199999570846558,1500
2023-04-21,1.899999976158142,1.9500000476837158,1.8799999952316284,1.8799999952316284,1.8799999952316284,6000
2023-04-24,1.850000023841858,1.909999966621399,1.840000033378601,1.909999966621399,1.909999966621399,5900
2023-04-25,1.8700000047683716,1.909999966621399,1.840000033378601,1.840000033378601,1.840000033378601,6500
2023-04-26,1.840000033378601,1.8700000047683716,1.7999999523162842,1.8300000429153442,1.8300000429153442,4600
2023-04-27,1.809999942779541,1.8200000524520874,1.7899999618530273,1.7999999523162842,1.7999999523162842,3900
2023-04-28,1.7999999523162842,1.8300000429153442,1.7999999523162842,1.809999942779541,1.809999942779541,11600
2023-05-01,1.7999999523162842,1.9600000381469727,1.7999999523162842,1.940000057220459,1.940000057220459,20600
